Date,Close/Last,Volume,Open,High,Low
11/28/2023,93.38,13563430,92.86,93.4099,92.81
11/27/2023,92.97,9539761,92.55,92.975,92.485
11/24/2023,92.27,4125818,92.35,92.42,92.255
11/22/2023,92.75,7255180,92.92,92.99,92.52
11/21/2023,92.78,9153441,92.77,92.91,92.54
11/20/2023,92.66,7481261,92.34,92.7201,92.3101
11/17/2023,92.53,8462016,92.58,92.63,92.345
11/16/2023,92.47,10375700,92.32,92.61,92.31
11/15/2023,91.78,12969430,92.05,92.06,91.695
11/14/2023,92.50,14313580,92.43,92.565,92.28
11/13/2023,91.13,8930210,90.83,91.1558,90.685
11/10/2023,91.18,10675220,91.46,91.475,91.08
11/09/2023,91.08,17067910,91.83,91.84,91.025
11/08/2023,91.99,11117610,91.64,92.075,91.63
11/07/2023,91.62,13189640,91.39,91.815,91.39
11/06/2023,91.10,11246680,91.29,91.32,90.995
11/03/2023,91.63,23133730,92.04,92.24,91.62
11/02/2023,90.93,14046260,91.06,91.22,90.725
11/01/2023,90.37,22448890,89.60,90.42,89.555
10/31/2023,89.59,11574740,89.83,90.02,89.57
10/30/2023,89.78,11022500,89.64,89.93,89.48
10/27/2023,90.08,11628240,89.87,90.085,89.705
10/26/2023,89.94,15901250,89.35,89.9754,89.33
10/25/2023,89.26,15170220,89.58,89.61,89.15
10/24/2023,90.05,10906210,89.82,90.06,89.61
10/23/2023,89.89,12365030,89.15,90.00,89.01
10/20/2023,89.465,12587090,89.27,89.60,89.25
10/19/2023,88.95,27116690,89.14,89.50,88.855
10/18/2023,89.39,13794270,89.56,89.69,89.235
10/17/2023,89.81,11191780,89.90,90.04,89.645
10/16/2023,90.70,7248036,90.705,90.77,90.58
10/13/2023,91.24,9873609,91.32,91.355,91.06
10/12/2023,90.66,12856110,91.34,91.39,90.545
10/11/2023,91.54,14815770,91.40,91.60,91.20
10/10/2023,91.04,11508310,90.76,91.29,90.65
10/09/2023,91.22,5816713,90.75,91.22,90.605
10/06/2023,90.07,12257100,89.77,90.355,89.685
10/05/2023,90.60,11315860,90.64,90.66,90.414
10/04/2023,90.43,14054040,90.135,90.48,89.9328
10/03/2023,89.86,21364800,90.42,90.59,89.81
10/02/2023,90.61,21010030,90.89,90.99,90.495
09/29/2023,91.59,13488330,91.95,92.04,91.45
09/28/2023,91.57,11654610,91.11,91.59,90.853
09/27/2023,91.32,10586300,91.97,92.01,91.075
09/26/2023,91.73,8281800,91.93,91.99,91.6237
09/25/2023,91.76,11712010,91.85,92.02,91.7246
09/22/2023,92.44,8637839,92.17,92.52,92.095
09/21/2023,92.08,8707579,92.13,92.22,92.0201
09/20/2023,92.77,10752260,93.10,93.2353,92.75
09/19/2023,92.84,7537027,92.97,93.14,92.80
09/18/2023,93.18,4622245,92.97,93.245,92.97
09/15/2023,93.09,9367838,93.225,93.285,93.021
09/14/2023,93.38,6421038,93.66,93.74,93.32
09/13/2023,93.59,6675435,93.335,93.72,93.3155
09/12/2023,93.48,4998480,93.38,93.495,93.27
09/11/2023,93.35,4321699,93.31,93.435,93.24
09/08/2023,93.51,4648504,93.72,93.86,93.465
09/07/2023,93.49,7137513,93.39,93.53,93.29
09/06/2023,93.17,7344118,93.57,93.585,93.1204
09/05/2023,93.41,4993448,93.71,93.72,93.37
09/01/2023,93.98,7746609,94.57,94.58,93.86
08/31/2023,94.80,6167266,94.72,94.94,94.63
08/30/2023,94.61,6346718,94.74,94.79,94.5545
08/29/2023,94.62,7064217,93.73,94.66,93.711
08/28/2023,93.95,3301686,93.91,93.98,93.71
08/25/2023,93.69,7895753,93.59,93.93,93.34
08/24/2023,93.72,5735830,93.78,94.05,93.694
08/23/2023,94.07,8550555,93.625,94.07,93.595
08/22/2023,93.06,6331000,92.94,93.16,92.845
08/21/2023,93.02,10863980,93.16,93.20,92.91
08/18/2023,93.60,7510525,93.49,93.81,93.44
08/17/2023,93.32,9858385,93.405,93.47,93.0637
08/16/2023,93.44,7199622,93.775,94.00,93.3732
08/15/2023,93.80,9602560,93.88,94.1755,93.75
08/14/2023,93.98,6218447,93.98,94.2553,93.775
08/11/2023,94.13,5915033,94.24,94.5621,94.09
08/10/2023,94.63,8462102,95.36,95.538,94.62
08/09/2023,95.36,5317352,95.30,95.5156,95.26
08/08/2023,95.30,5401492,95.31,95.54,95.19
08/07/2023,94.82,4007413,94.93,94.98,94.7122
08/04/2023,95.05,10190060,94.40,95.13,94.40
08/03/2023,94.05,11058190,94.11,94.245,93.9602
08/02/2023,94.75,8009186,94.66,94.785,94.36
08/01/2023,94.94,7714495,95.04,95.18,94.78
07/31/2023,95.74,6347597,95.58,95.905,95.57
07/28/2023,95.62,5794206,95.53,95.74,95.44
07/27/2023,95.31,8522842,95.99,96.10,95.175
07/26/2023,96.36,4880153,96.25,96.41,95.97
07/25/2023,96.03,4079509,95.83,96.0855,95.82
07/24/2023,96.21,7451172,96.61,96.71,96.17
07/21/2023,96.44,4560175,96.57,96.66,96.41
07/20/2023,96.36,9486701,96.63,96.67,96.19
07/19/2023,97.13,5059394,96.975,97.19,96.79
07/18/2023,96.80,3626466,97.00,97.12,96.7401
07/17/2023,96.69,3182374,96.60,96.775,96.48
07/14/2023,96.53,7491062,96.80,96.915,96.4925
07/13/2023,97.01,9742728,96.675,97.07,96.575
07/12/2023,96.21,8255066,95.91,96.34,95.77
07/11/2023,95.28,6327171,95.26,95.42,95.13
07/10/2023,95.08,6622657,94.74,95.22,94.73
07/07/2023,94.59,6577624,94.575,94.945,94.54
07/06/2023,94.71,9285229,94.76,94.86,94.36
07/05/2023,95.49,10186200,95.95,96.00,95.37
07/03/2023,95.95,4685957,96.315,96.62,95.95
06/30/2023,96.60,7450786,96.42,96.655,96.305
06/29/2023,96.39,8268789,96.505,96.58,96.22
06/28/2023,97.39,5257355,97.14,97.43,96.95
06/27/2023,97.00,4752458,97.32,97.495,96.8694
06/26/2023,97.34,2976587,97.35,97.4255,97.16
06/23/2023,97.10,4112143,97.465,97.50,96.975
06/22/2023,96.70,4102148,96.96,97.125,96.6278
06/21/2023,97.25,5119647,96.90,97.33,96.75
06/20/2023,97.16,5477521,97.05,97.39,97.05
06/16/2023,96.87,6538076,96.81,97.05,96.59
06/15/2023,97.29,5959311,97.11,97.36,96.98
06/14/2023,96.54,7704389,96.70,96.83,96.175
06/13/2023,96.41,9173507,97.25,97.32,96.26
06/12/2023,97.10,5261660,97.09,97.115,96.67
06/09/2023,96.94,6421876,96.96,97.08,96.77
06/08/2023,97.29,5841899,96.81,97.31,96.77
06/07/2023,96.64,8226649,97.215,97.32,96.54
06/06/2023,97.35,3986269,97.33,97.375,97.06
06/05/2023,97.29,6243050,96.92,97.56,96.82
06/02/2023,97.32,7585448,97.93,97.96,97.24
06/01/2023,98.10,18161560,98.115,98.38,97.9732
05/31/2023,98.06,10817910,97.75,98.205,97.615
05/30/2023,97.69,7882984,97.22,97.69,97.145
05/26/2023,96.93,7408900,96.60,96.93,96.39
05/25/2023,96.75,11647750,97.18,97.26,96.67
05/24/2023,97.36,7415494,97.725,97.77,97.31
05/23/2023,97.61,8264266,97.31,97.73,97.23
05/22/2023,97.45,7034752,97.65,97.895,97.40
05/19/2023,97.63,12923500,97.65,98.10,97.455
05/18/2023,98.00,9448919,98.25,98.26,97.96
05/17/2023,98.61,5542595,98.99,99.02,98.49
05/16/2023,98.93,7194048,98.865,98.995,98.65
05/15/2023,99.25,4459070,99.19,99.25,99.12
05/12/2023,99.47,5107312,99.99,100.07,99.44
05/11/2023,100.07,5979642,100.29,100.41,99.96
05/10/2023,99.70,9930757,99.41,99.78,99.40
05/09/2023,98.96,7317240,99.07,99.165,98.9424
05/08/2023,99.08,7022484,99.07,99.29,99.03
05/05/2023,99.69,11254380,99.65,99.73,99.44
05/04/2023,100.23,12014120,99.98,100.80,99.96
05/03/2023,100.25,9534804,99.87,100.28,99.6935
05/02/2023,99.60,8540678,98.66,99.63,98.60
05/01/2023,98.32,17442070,99.11,99.17,98.19
04/28/2023,99.73,8525911,99.59,99.74,99.37
04/27/2023,98.99,5065839,99.23,99.28,98.88
04/26/2023,99.64,5902987,100.01,100.13,99.485
04/25/2023,100.03,13076810,99.61,100.07,99.59
04/24/2023,99.05,5143745,98.84,99.07,98.77
04/21/2023,98.57,5948165,99.02,99.10,98.49
04/20/2023,98.81,4607978,98.78,98.8874,98.68
04/19/2023,98.24,4648100,98.22,98.31,97.98
04/18/2023,98.45,5061415,98.32,98.67,98.30
04/17/2023,98.29,5681007,98.54,98.60,98.26
04/14/2023,98.92,4968542,99.08,99.10,98.79
04/13/2023,99.41,39858220,99.90,100.065,99.33
04/12/2023,99.74,5857167,99.91,99.95,99.29
04/11/2023,99.45,5458997,99.565,99.58,99.22
04/10/2023,99.49,6025074,99.69,99.755,99.37
04/06/2023,100.48,4264689,100.49,100.72,100.46
04/05/2023,100.45,6257056,100.40,100.765,100.3001
04/04/2023,100.03,6763202,98.97,100.14,98.95
04/03/2023,99.39,7226622,98.81,99.56,98.735
03/31/2023,99.12,6330052,98.74,99.185,98.58
03/30/2023,98.58,4157547,98.34,98.67,98.31
03/29/2023,98.43,13404760,98.23,98.62,98.19
03/28/2023,98.60,13324800,98.452,98.745,98.36
03/27/2023,98.66,8284356,98.94,99.14,98.625
03/24/2023,99.89,9135980,100.44,100.58,99.76
03/23/2023,99.86,7118827,99.13,99.94,98.98
03/22/2023,99.29,10705180,97.83,99.37,97.7499
03/21/2023,98.00,9851679,98.18,98.455,97.86
03/20/2023,98.86,7982461,99.42,99.43,98.63
03/17/2023,99.26,12293850,98.86,99.625,98.77
03/16/2023,98.10,14243230,99.53,99.76,97.98
03/15/2023,98.99,25157370,99.255,99.78,98.52
03/14/2023,97.58,47886760,98.09,98.18,97.38
03/13/2023,98.51,23930590,98.95,99.415,98.14
03/10/2023,97.33,11041270,96.81,97.415,96.67
03/09/2023,95.57,12498890,95.14,95.72,95.08
03/08/2023,94.98,5163480,95.38,95.56,94.86
03/07/2023,95.01,5053288,95.17,95.29,94.78
03/06/2023,95.00,3766424,95.39,95.42,94.9343
03/03/2023,95.17,5696994,94.91,95.17,94.63
03/02/2023,94.41,12952840,94.29,94.49,94.21
03/01/2023,94.80,8328617,95.135,95.30,94.75
02/28/2023,95.76,4690209,95.32,95.79,95.195
02/27/2023,95.61,3693234,95.66,95.76,95.45
02/24/2023,95.32,10757150,95.29,95.45,95.11
02/23/2023,95.90,7059763,95.56,96.00,95.51
02/22/2023,95.53,30136620,95.64,95.81,95.48
02/21/2023,95.36,11382100,95.75,95.83,95.335
02/17/2023,96.41,4540507,95.925,96.435,95.8999
02/16/2023,96.14,27126360,96.23,96.43,96.05
02/15/2023,96.46,4964758,96.58,96.795,96.33
02/14/2023,96.75,7133647,96.89,97.1161,96.49
02/13/2023,97.19,17262290,96.97,97.24,96.95
02/10/2023,96.96,5290058,97.35,97.38,96.89
02/09/2023,97.43,7358257,98.12,98.14,97.32
02/08/2023,97.87,6137619,97.61,97.88,97.40
02/07/2023,97.51,5678915,97.65,98.13,97.46
02/06/2023,97.75,5500522,97.90,98.04,97.70
02/03/2023,98.60,5267001,98.81,99.00,98.47
02/02/2023,99.67,5822979,100.02,100.205,99.6445
02/01/2023,99.71,20159130,99.20,99.77,98.83
01/31/2023,99.21,4856456,99.16,99.25,98.74
01/30/2023,98.71,2584607,98.74,98.95,98.6579
01/27/2023,99.02,5524111,98.80,99.02,98.77
01/26/2023,99.17,2875361,99.34,99.525,99.0301
01/25/2023,99.53,2924706,99.49,99.73,99.21
01/24/2023,99.42,3540326,98.98,99.435,98.65
01/23/2023,98.85,4334933,98.84,99.14,98.805
01/20/2023,99.17,8822676,99.32,99.445,99.06
01/19/2023,99.83,4234128,99.82,99.978,99.63
01/18/2023,100.02,7926409,99.87,100.06,99.55
01/17/2023,98.68,3708960,98.66,99.0247,98.64
01/13/2023,98.99,5573709,99.26,99.50,98.86
01/12/2023,99.52,5767999,98.96,99.52,98.48
01/11/2023,98.64,7118680,98.30,98.66,98.24
01/10/2023,98.01,4027039,98.22,98.33,97.825
01/09/2023,98.63,4988013,98.26,98.81,98.20
01/06/2023,98.38,6807822,97.17,98.43,97.08
01/05/2023,97.13,3177933,96.70,97.22,96.5697
01/04/2023,97.27,7800088,97.34,97.42,96.99
01/03/2023,96.53,6808415,96.91,96.995,96.34
12/30/2022,95.78,5043765,95.86,96.27,95.615
12/29/2022,96.18,4021775,95.97,96.265,95.915
12/28/2022,95.71,3161308,96.08,96.16,95.69
12/27/2022,95.94,4780840,96.22,96.41,95.90
12/23/2022,96.75,3164920,96.73,96.95,96.69
12/22/2022,97.19,2143083,97.24,97.48,97.14
12/21/2022,97.22,4406708,97.50,97.54,97.0852
12/20/2022,97.10,4199794,97.08,97.31,96.99
12/19/2022,97.81,3951062,98.05,98.06,97.73
12/16/2022,98.61,4432835,98.17,98.79,98.07
12/15/2022,98.86,4344188,98.81,99.01,98.55
12/14/2022,98.86,6533229,98.65,98.99,98.205
12/13/2022,98.59,7856616,99.14,99.26,98.495
12/12/2022,97.71,5192157,98.30,98.39,97.5841
12/09/2022,97.85,4343137,98.29,98.37,97.85
12/08/2022,98.58,5325780,98.62,98.875,98.45
12/07/2022,99.14,5386178,98.68,99.25,98.62
12/06/2022,98.28,5745527,97.93,98.41,97.845
12/05/2022,97.68,6295805,98.09,98.13,97.63
12/02/2022,98.68,5783829,97.92,98.69,97.61
12/01/2022,98.48,17629330,97.60,98.50,97.57
11/30/2022,97.61,7127202,96.57,97.61,96.40
11/29/2022,96.74,3356557,96.76,97.075,96.705
11/28/2022,97.15,4218401,97.22,97.35,97.01
11/25/2022,97.11,1345415,96.87,97.12,96.845
11/23/2022,97.14,5236519,96.75,97.18,96.65
11/22/2022,96.62,5532830,96.48,96.715,96.375
11/21/2022,96.07,4477700,96.54,96.605,96.04
11/18/2022,96.13,3102083,96.47,96.59,96.105
11/17/2022,96.47,5987899,96.53,96.63,96.26
11/16/2022,97.13,6140320,96.87,97.225,96.64
11/15/2022,96.42,6841567,96.18,96.49,95.94
11/14/2022,95.71,4130820,95.84,95.845,95.53
11/11/2022,95.94,2840252,95.70,96.0599,95.65
11/10/2022,96.14,9608306,95.43,96.18,95.43
11/09/2022,94.03,3658160,93.605,94.09,93.54
11/08/2022,93.71,4679234,93.35,93.88,93.32
11/07/2022,93.09,4289404,93.535,93.59,93.07
11/04/2022,93.42,5286954,93.64,93.95,93.40
11/03/2022,93.62,8403863,93.19,93.7935,93.18
11/02/2022,94.03,7582847,94.31,94.8701,93.79
11/01/2022,94.19,6066392,94.96,94.99,94.03
10/31/2022,94.41,4586910,94.43,94.56,94.01
10/28/2022,94.84,5659890,94.72,95.19,94.575
10/27/2022,95.33,7238058,94.96,95.465,94.67
10/26/2022,94.66,6692729,94.41,94.82,94.40
10/25/2022,94.18,6301456,94.04,94.44,93.96
10/24/2022,93.02,6210821,93.11,93.43,92.69
10/21/2022,93.14,7528699,92.60,93.325,92.48
10/20/2022,92.93,5738416,93.41,93.65,92.855
10/19/2022,93.63,5762580,93.88,94.0727,93.56
10/18/2022,94.62,4006711,94.63,94.80,94.07
10/17/2022,94.38,3215298,94.96,95.1101,94.325
10/14/2022,94.28,5887204,95.32,95.33,94.23
10/13/2022,94.81,6220120,93.98,95.24,93.97
10/12/2022,95.21,5847436,94.77,95.335,94.71
10/11/2022,94.90,5498458,94.98,95.43,94.64
10/10/2022,94.66,3829094,95.08,95.14,94.32
10/07/2022,95.22,5085329,95.19,95.53,95.07
10/06/2022,95.69,11298410,96.06,96.185,95.56
10/05/2022,96.22,8603709,96.555,96.59,95.98
10/04/2022,97.14,7361532,97.33,97.695,96.96
10/03/2022,96.94,10579880,96.72,97.65,96.49
09/30/2022,95.99,8847218,96.66,96.88,95.66
09/29/2022,96.24,6056493,95.98,96.58,95.89
09/28/2022,96.69,8471718,95.90,96.795,95.52
09/27/2022,94.56,8668410,95.24,95.3478,94.51
09/26/2022,95.21,8015481,96.29,96.30,95.07
09/23/2022,96.82,7630610,96.66,96.97,96.28
09/22/2022,96.70,6662421,97.16,97.22,96.585
09/21/2022,98.18,5414996,97.96,98.28,97.295
09/20/2022,97.79,4869090,97.70,98.04,97.535
09/19/2022,98.40,3879134,98.31,98.605,98.24
09/16/2022,98.68,4718232,98.515,98.99,98.45
09/15/2022,98.60,4622779,98.67,98.79,98.495
09/14/2022,98.94,3866587,98.74,99.18,98.69
09/13/2022,98.89,5100569,98.76,98.95,98.645
09/12/2022,99.45,4034248,99.97,100.05,99.27
09/09/2022,99.69,5780565,99.90,100.09,99.57
09/08/2022,99.68,5773615,100.04,100.26,99.68
09/07/2022,100.05,7169671,99.79,100.165,99.74
09/06/2022,99.40,6769381,99.905,99.935,99.35
09/02/2022,100.52,5741927,100.36,100.79,100.22
09/01/2022,99.96,10324200,100.09,100.31,99.73
08/31/2022,100.94,5797640,101.21,101.44,100.77
08/30/2022,101.36,4474194,101.385,101.72,101.02
08/29/2022,101.39,4416992,101.58,101.58,101.25
08/26/2022,101.97,5535934,101.86,102.23,101.62
08/25/2022,102.09,6645347,101.52,102.13,101.39
08/24/2022,101.44,3504616,101.54,101.64,101.29
08/23/2022,101.78,7754962,101.86,102.49,101.71
08/22/2022,102.03,4125859,102.40,102.45,101.975
08/19/2022,102.48,6678038,102.62,102.685,102.36
08/18/2022,103.37,3709246,103.445,103.73,103.28
08/17/2022,103.17,6366714,103.31,103.36,102.96
08/16/2022,103.87,3241813,103.79,103.91,103.39
08/15/2022,103.99,3441062,104.17,104.325,103.95
08/12/2022,103.66,4128621,103.65,103.695,103.32
08/11/2022,103.25,8309720,104.18,104.29,103.14
08/10/2022,103.94,7260376,104.35,104.71,103.93
08/09/2022,103.88,3814754,103.90,104.079,103.78
08/08/2022,104.19,6681347,104.00,104.2375,103.91
08/05/2022,103.58,10047170,103.73,103.765,103.35
08/04/2022,105.10,9873247,104.68,105.125,104.53
08/03/2022,104.57,7829524,103.975,104.58,103.425
08/02/2022,104.14,9269682,105.56,105.745,104.07
08/01/2022,105.60,9672404,105.29,105.67,105.13
07/29/2022,105.17,5961106,104.92,105.575,104.81
07/28/2022,105.13,5768201,105.10,105.32,104.745
07/27/2022,104.10,7475304,104.14,104.61,104.02
07/26/2022,103.89,4736256,104.55,104.695,103.85
07/25/2022,103.85,2994530,103.58,103.90,103.55
07/22/2022,104.22,7747077,104.00,104.46,103.82
07/21/2022,103.04,5344313,102.29,103.04,102.19
07/20/2022,101.88,53057460,102.48,102.49,101.80
07/19/2022,101.98,2996099,102.32,102.41,101.88
07/18/2022,102.45,3150744,102.42,102.6031,102.03
07/15/2022,102.75,3833968,102.47,102.99,102.44
07/14/2022,102.40,5370365,102.20,102.64,101.93
07/13/2022,102.97,6809436,101.91,103.0514,101.775
07/12/2022,102.53,3669155,102.83,103.03,102.45
07/11/2022,102.29,2765728,102.03,102.455,101.975
07/08/2022,101.49,3664901,101.83,101.84,101.3674
07/07/2022,102.11,4058159,102.77,102.77,102.03
07/06/2022,102.74,4754749,104.00,104.01,102.72
07/05/2022,103.62,6651364,103.75,104.02,103.44
07/01/2022,103.24,63222910,103.12,103.97,102.98
06/30/2022,102.30,5409539,102.10,102.54,102.01
06/29/2022,101.52,3559628,100.88,101.52,100.79
06/28/2022,100.71,3763301,100.47,100.7403,100.325
06/27/2022,100.58,5439411,100.57,101.02,100.45
06/24/2022,101.15,5127019,101.38,101.76,101.07
06/23/2022,101.51,9247185,101.56,102.17,101.395
06/22/2022,100.94,9501917,100.84,101.12,100.71
06/21/2022,99.68,10342130,99.66,99.945,99.5548
06/17/2022,100.20,7029837,100.26,100.46,99.55
06/16/2022,100.17,9168800,98.55,100.22,98.425
06/15/2022,99.52,10256230,98.95,99.56,98.40
06/14/2022,98.15,7829774,99.16,99.295,97.985
06/13/2022,98.94,9200783,99.66,99.80,98.42
06/10/2022,100.73,4443384,101.21,101.31,100.595
06/09/2022,101.73,4178574,101.69,101.94,101.51
06/08/2022,101.82,2917888,102.01,102.17,101.805
06/07/2022,102.20,3229975,102.055,102.43,102.0392
06/06/2022,101.79,4800608,102.31,102.405,101.73
06/03/2022,102.56,2687752,102.36,102.65,102.33
06/02/2022,102.76,3014275,102.91,102.92,102.515
06/01/2022,102.61,5555956,103.265,103.37,102.42
05/31/2022,103.32,6773169,103.615,103.63,103.15
05/27/2022,104.41,2508247,104.45,104.59,104.22
05/26/2022,104.26,3478872,104.365,104.41,103.875
05/25/2022,104.31,4274490,104.47,104.47,104.065
05/24/2022,104.10,6786630,103.74,104.4701,103.71
05/23/2022,103.21,5720619,103.57,103.77,103.20
05/20/2022,103.84,5908822,103.30,103.9899,103.27
05/19/2022,103.36,5137634,103.90,103.93,103.28
05/18/2022,102.99,4465536,102.26,103.10,102.1909
05/17/2022,102.26,4286767,102.35,102.65,102.23
05/16/2022,103.04,3315594,102.98,103.325,102.87
05/13/2022,102.61,6016939,102.87,102.94,102.5533
05/12/2022,103.15,8132398,103.12,103.57,103.0065
05/11/2022,102.81,7168081,101.93,102.85,101.7939
05/10/2022,102.18,8054607,102.31,102.575,102.115
05/09/2022,101.84,7301184,101.14,101.89,101.09
05/06/2022,101.09,12538480,101.15,101.605,100.99
05/05/2022,101.67,11675660,101.89,102.03,101.1543
05/04/2022,102.70,11934820,102.00,102.78,101.805
05/03/2022,102.04,8129054,102.52,102.60,102.015
05/02/2022,101.92,11326980,102.15,102.22,101.82
04/29/2022,102.81,10012550,102.60,103.21,102.55
04/28/2022,103.36,6943626,103.16,103.39,102.96
04/27/2022,103.51,7908948,104.03,104.125,103.46
04/26/2022,104.09,9575391,104.098,104.27,103.763
04/25/2022,103.40,8617430,103.55,103.975,103.34
04/22/2022,102.74,5451645,102.43,103.02,102.38
04/21/2022,102.69,9137476,102.97,102.98,102.27
04/20/2022,103.26,7479322,102.88,103.42,102.76
04/19/2022,102.46,7004936,102.74,102.93,102.39
04/18/2022,103.14,4591539,103.53,103.545,103.11
04/14/2022,103.44,6158698,104.23,104.27,103.32
04/13/2022,104.38,6346090,104.44,104.91,104.31
04/12/2022,104.15,12211020,104.19,104.585,104.025
04/11/2022,103.65,7356350,103.78,103.90,103.52
04/08/2022,104.15,8091848,104.08,104.42,103.995
04/07/2022,104.68,5518941,104.68,104.97,104.46
04/06/2022,104.94,9054356,104.65,105.315,104.65
04/05/2022,105.31,9675572,106.27,106.29,105.20
04/04/2022,106.58,7372066,106.76,106.78,106.38
04/01/2022,106.65,10237030,106.31,107.01,106.2001
03/31/2022,107.47,9147177,107.43,107.62,107.27
03/30/2022,107.27,6430112,106.63,107.30,106.56
03/29/2022,106.85,7539944,106.58,106.98,106.35
03/28/2022,106.32,12858520,106.25,106.695,106.122
03/25/2022,106.08,9055632,106.69,106.70,105.97
03/24/2022,107.18,11112420,107.15,107.50,107.11
03/23/2022,107.78,11222700,107.32,107.78,107.09
03/22/2022,107.06,7710542,107.20,107.24,106.97
03/21/2022,107.65,11003620,108.28,108.445,107.5705
03/18/2022,109.07,7509184,108.93,109.22,108.93
03/17/2022,108.75,7215919,109.03,109.24,108.55
03/16/2022,108.96,12847340,109.00,109.12,108.245
03/15/2022,109.11,9294415,109.74,109.80,109.03
03/14/2022,109.16,8622452,109.67,109.74,109.16
03/11/2022,110.56,5567585,110.47,110.70,110.35
03/10/2022,110.59,11100080,110.72,110.8302,110.36
03/09/2022,111.10,7932293,111.33,111.43,110.98
03/08/2022,111.79,10819360,111.87,112.07,111.645
03/07/2022,112.52,13633210,112.465,113.08,112.44
03/04/2022,113.00,20102300,112.88,113.30,112.765
03/03/2022,111.89,12247430,111.685,112.10,111.49
03/02/2022,111.41,12303860,112.46,112.56,111.39
03/01/2022,113.11,28285720,112.60,113.485,112.55
02/28/2022,112.12,12291800,111.62,112.14,111.58
02/25/2022,110.86,8101899,110.72,110.88,110.48
02/24/2022,110.89,19162080,111.52,111.545,110.73
02/23/2022,110.63,7941866,110.80,110.90,110.51
02/22/2022,111.21,8392502,110.97,111.22,110.84
02/18/2022,111.22,8486765,111.04,111.23,110.965
02/17/2022,110.86,8749505,110.53,110.90,110.52
02/16/2022,110.27,9007650,110.32,110.344,109.94
02/15/2022,110.04,8490464,110.05,110.2363,109.96
02/14/2022,110.37,11090030,110.54,110.83,110.2099
02/11/2022,111.14,18315580,110.47,111.23,109.92
02/10/2022,110.00,16633870,110.612,110.68,109.96
02/09/2022,111.02,10113530,111.13,111.37,110.98
02/08/2022,110.87,8111521,110.93,110.99,110.81
02/07/2022,111.23,10294740,111.23,111.345,111.09
02/04/2022,111.20,8616554,111.42,111.45,111.09
02/03/2022,112.06,8032554,112.04,112.16,111.92
02/02/2022,112.54,5997130,112.40,112.813,112.40
02/01/2022,112.31,16338720,112.50,112.54,112.13
01/31/2022,112.57,8258562,112.36,112.65,112.29
01/28/2022,112.57,6713486,112.15,112.66,112.12
01/27/2022,112.31,11609490,112.11,112.52,112.09
01/26/2022,111.84,12694730,112.66,112.7614,111.84
01/25/2022,112.64,13533980,112.89,113.085,112.5737
01/24/2022,112.79,22377390,113.24,113.285,112.77
01/21/2022,112.89,13250060,112.87,113.05,112.65
01/20/2022,112.24,8297375,112.175,112.24,112.03
01/19/2022,112.00,10349730,111.91,112.2152,111.8448
01/18/2022,111.73,11594140,112.10,112.195,111.69
01/14/2022,112.58,10595680,113.07,113.09,112.545
01/13/2022,113.36,8431067,113.07,113.40,112.975
01/12/2022,113.00,7996516,113.17,113.43,112.98
01/11/2022,112.98,8086509,112.66,112.99,112.5601
01/10/2022,112.71,8430717,112.45,112.75,112.38
01/07/2022,112.74,13318190,112.96,113.00,112.47
01/06/2022,113.11,10957420,113.13,113.2078,112.98
01/05/2022,113.39,13715710,113.89,113.90,113.31
01/04/2022,113.87,15911820,113.67,113.89,113.58
01/03/2022,113.93,27744660,114.37,114.41,113.93
12/31/2021,115.00,7584498,115.16,115.31,115.00
12/30/2021,115.13,10296000,114.98,115.14,114.79
12/29/2021,114.75,11879910,114.97,115.07,114.665
12/28/2021,115.34,8314510,115.55,115.58,115.28
12/27/2021,115.36,3472284,115.28,115.42,115.25
12/23/2021,115.32,7209701,115.48,115.49,115.18
12/22/2021,115.56,5538181,115.63,115.64,115.335
12/21/2021,115.45,7672779,115.49,115.54,115.23
12/20/2021,115.91,13772090,116.20,116.35,115.88
12/17/2021,116.01,7933070,116.12,116.335,115.94
12/16/2021,115.75,9085402,115.58,115.905,115.5584
12/15/2021,115.52,8428019,115.41,115.73,115.28
12/14/2021,115.69,4749517,115.65,115.805,115.4305
12/13/2021,115.89,5706947,115.63,115.985,115.61
12/10/2021,115.34,5051553,115.44,115.655,115.28
12/09/2021,115.26,9198395,115.25,115.44,115.10
12/08/2021,114.97,11126600,115.17,115.20,114.815
12/07/2021,115.34,7678396,115.46,115.70,115.255
12/06/2021,115.78,9863270,116.19,116.28,115.65
12/03/2021,116.36,19790960,115.49,116.64,115.39
12/02/2021,115.68,11448860,115.90,115.95,115.41
12/01/2021,115.93,24991560,115.298,115.93,115.155
11/30/2021,115.80,19416790,115.82,116.145,115.22
11/29/2021,115.11,13908210,114.692,115.195,114.66
11/26/2021,115.37,13878530,114.98,115.39,114.92
11/24/2021,113.90,8322907,113.57,113.92,113.50
11/23/2021,113.55,11543700,113.82,113.88,113.55
11/22/2021,114.02,10876190,114.33,114.435,113.945
11/19/2021,114.86,10731620,114.92,115.11,114.79
11/18/2021,114.55,10183370,114.31,114.58,114.29
11/17/2021,114.48,10006200,114.07,114.49,114.05
11/16/2021,114.07,6573729,114.18,114.40,114.05
11/15/2021,114.17,8021394,114.55,114.5786,114.13
11/12/2021,114.62,10613440,114.80,114.94,114.52
11/11/2021,114.38,3746050,114.75,114.80,114.38
11/10/2021,114.75,19425110,115.54,115.57,114.54
11/09/2021,115.74,12345440,115.695,115.98,115.65
11/08/2021,115.21,7404312,115.52,115.52,115.16
11/05/2021,115.71,12955130,115.335,115.81,115.22
11/04/2021,115.08,12665430,114.66,115.17,114.66
11/03/2021,114.46,17031090,114.84,114.88,114.27
11/02/2021,114.82,12191080,114.67,114.96,114.66
11/01/2021,114.54,14479010,114.22,114.63,114.19
10/29/2021,114.63,11254320,114.27,114.86,114.19
10/28/2021,114.58,9940418,114.76,114.91,114.46
10/27/2021,114.88,16140260,114.64,115.06,114.32
10/26/2021,114.24,5603077,114.12,114.24,113.90
10/25/2021,114.10,4835094,113.98,114.22,113.98
10/22/2021,113.96,10204560,113.78,114.05,113.67
10/21/2021,113.67,7104090,113.90,113.95,113.63
10/20/2021,113.97,6229997,114.02,114.21,113.94
10/19/2021,114.02,7445439,114.27,114.315,114.00
10/18/2021,114.43,8703263,114.25,114.52,114.07
10/15/2021,114.59,8689690,114.74,114.77,114.53
10/14/2021,115.16,9518151,115.02,115.205,114.895
10/13/2021,114.89,11662370,114.74,115.05,114.68
10/12/2021,114.67,7938421,114.35,114.71,114.28
10/11/2021,114.15,2261278,114.23,114.32,114.13
10/08/2021,114.43,9455115,114.62,114.62,114.30
10/07/2021,114.68,8160204,114.875,114.91,114.67
10/06/2021,115.14,7473541,115.15,115.26,115.05
10/05/2021,115.11,6861931,115.29,115.32,114.99
10/04/2021,115.47,7691837,115.41,115.665,115.26
10/01/2021,115.61,19830110,115.355,115.66,115.26
09/30/2021,115.22,7307937,114.97,115.26,114.92
09/29/2021,115.08,8363964,115.20,115.355,114.865
09/28/2021,114.96,10295460,114.98,115.2181,114.725
09/27/2021,115.40,6742092,115.40,115.60,115.37
09/24/2021,115.71,10528000,115.90,115.91,115.64
09/23/2021,116.06,10650130,116.58,116.61,116.06
09/22/2021,117.12,10966440,117.01,117.22,116.79
09/21/2021,117.01,4867948,117.115,117.15,116.94
09/20/2021,117.08,8781617,116.91,117.21,116.82
09/17/2021,116.49,7611738,116.535,116.57,116.38
09/16/2021,116.83,5682695,116.785,117.01,116.68
09/15/2021,117.20,5108919,117.33,117.35,117.0033
09/14/2021,117.40,6991031,117.16,117.52,117.10
09/13/2021,116.96,4269332,116.93,117.06,116.905
09/10/2021,116.82,8147133,116.93,117.03,116.71
09/09/2021,117.19,7009653,116.91,117.32,116.81
09/08/2021,116.86,6046209,116.70,116.94,116.63
09/07/2021,116.54,7098564,116.59,116.68,116.435
09/03/2021,117.00,4988870,117.01,117.05,116.875
09/02/2021,117.28,2976276,117.27,117.28,117.14
09/01/2021,117.14,11908630,117.245,117.29,117.04
08/31/2021,117.17,7418428,117.33,117.49,117.12
08/30/2021,117.39,6546248,117.14,117.40,117.1041
08/27/2021,117.16,6360684,116.78,117.16,116.63
08/26/2021,116.78,6850643,116.72,116.83,116.59
08/25/2021,116.78,5874659,117.20,117.24,116.72
08/24/2021,117.24,3649651,117.41,117.51,117.205
08/23/2021,117.56,3958480,117.50,117.575,117.40
08/20/2021,117.53,6510301,117.64,117.705,117.41
08/19/2021,117.64,6242714,117.63,117.7166,117.53
08/18/2021,117.38,7025808,117.385,117.49,117.13
08/17/2021,117.44,7785495,117.48,117.70,117.415
08/16/2021,117.50,6928097,117.55,117.82,117.50
08/13/2021,117.24,6896465,116.745,117.24,116.73
08/12/2021,116.57,6932215,116.57,116.6954,116.43
08/11/2021,116.69,7254257,116.64,116.99,116.44
08/10/2021,116.56,7192420,116.87,116.88,116.55
08/09/2021,116.78,10842530,117.198,117.31,116.78
08/06/2021,117.03,7807589,117.14,117.25,117.00
08/05/2021,117.72,5164636,117.90,117.96,117.64
08/04/2021,118.15,7545049,118.53,118.63,117.78
08/03/2021,118.18,6627309,118.18,118.365,118.12
08/02/2021,118.15,19495780,117.82,118.38,117.71
07/30/2021,117.71,5656386,117.58,117.78,117.57
07/29/2021,117.38,6203823,117.31,117.53,117.28
07/28/2021,117.74,11533480,117.42,117.75,117.255
07/27/2021,117.64,8621186,117.62,117.71,117.51
07/26/2021,117.14,6179619,117.40,117.4181,117.12
07/23/2021,117.22,6804597,116.98,117.25,116.97
07/22/2021,117.40,6363507,117.13,117.64,117.12
07/21/2021,117.13,7438310,117.33,117.41,117.02
07/20/2021,117.81,8728991,118.47,118.52,117.71
07/19/2021,117.96,20557530,117.74,118.11,117.68
07/16/2021,116.96,3577861,116.67,116.98,116.66
07/15/2021,116.98,5704529,116.79,117.04,116.53
07/14/2021,116.49,6029153,116.305,116.52,116.21
07/13/2021,115.99,6926475,116.41,116.53,115.89
07/12/2021,116.35,3867702,116.51,116.56,116.2599
07/09/2021,116.41,5531190,116.52,116.54,116.395
07/08/2021,117.00,7367979,116.915,117.19,116.82
07/07/2021,116.70,7456447,116.58,116.91,116.47
07/06/2021,116.36,9095292,115.89,116.44,115.885
07/02/2021,115.75,5071881,115.47,115.75,115.44
07/01/2021,115.33,11966220,115.38,115.45,115.17
06/30/2021,115.49,6572875,115.48,115.66,115.46
06/29/2021,115.31,3373184,115.10,115.32,115.09
06/28/2021,115.25,4968856,115.11,115.36,115.10
06/25/2021,114.89,6716861,115.21,115.245,114.69
06/24/2021,115.13,3631724,115.15,115.28,115.08
06/23/2021,115.15,5429843,115.25,115.37,115.095
06/22/2021,115.38,5459704,115.04,115.41,115.01
06/21/2021,115.17,6460007,115.26,115.35,115.075
06/18/2021,115.54,13434960,115.04,115.58,114.81
06/17/2021,114.89,8838138,114.66,115.26,114.58
06/16/2021,114.48,13529120,115.32,115.38,114.31
06/15/2021,115.27,4212729,115.19,115.29,115.13
06/14/2021,115.25,3730876,115.49,115.50,115.195
06/11/2021,115.61,3914239,115.70,115.72,115.505
06/10/2021,115.78,6494799,115.12,115.79,115.07
06/09/2021,115.37,5679344,115.42,115.55,115.215
06/08/2021,115.01,4760524,115.04,115.0699,114.96
06/07/2021,114.68,3068480,114.63,114.72,114.60
06/04/2021,114.77,6326118,114.43,114.78,114.41
06/03/2021,114.14,3591204,114.33,114.33,114.09
06/02/2021,114.43,4269904,114.42,114.51,114.37
06/01/2021,114.30,9498089,114.1934,114.32,114.0471
05/28/2021,114.40,5575688,114.36,114.64,114.36
05/27/2021,114.41,5998122,114.36,114.41,114.20
05/26/2021,114.61,4501561,114.66,114.81,114.56
05/25/2021,114.74,5748228,114.44,114.76,114.44
05/24/2021,114.32,4825983,114.27,114.43,114.215
05/21/2021,114.21,6648700,114.28,114.31,114.08
05/20/2021,114.17,8412730,113.90,114.18,113.87
05/19/2021,113.70,13156480,114.02,114.25,113.595
05/18/2021,114.04,4319572,114.03,114.09,113.92
05/17/2021,114.04,6711083,114.07,114.12,113.99
05/14/2021,114.15,7943181,114.07,114.19,113.95
05/13/2021,113.90,8242729,113.657,113.94,113.59
05/12/2021,113.52,14510080,113.65,113.73,113.47
05/11/2021,114.07,6591325,114.09,114.165,114.02
05/10/2021,114.26,5906790,114.535,114.63,114.21
05/07/2021,114.49,10657710,114.72,114.9499,114.39
05/06/2021,114.45,6546203,114.32,114.5784,114.30
05/05/2021,114.40,6810046,114.1423,114.43,114.1423
05/04/2021,114.26,11171040,114.34,114.56,114.20
05/03/2021,114.11,8593296,113.96,114.35,113.92
04/30/2021,113.99,5160017,113.94,114.03,113.77
04/29/2021,113.89,5547845,113.55,113.90,113.4434
04/28/2021,114.09,8692915,113.95,114.11,113.66
04/27/2021,113.94,7720506,114.23,114.33,113.935
04/26/2021,114.39,7145282,114.46,114.55,114.39
04/23/2021,114.51,5510142,114.64,114.65,114.33
04/22/2021,114.66,7681357,114.56,114.687,114.285
04/21/2021,114.57,7976519,114.50,114.625,114.34
04/20/2021,114.51,6468328,114.14,114.59,114.14
04/19/2021,114.17,5738590,114.10,114.36,114.04
04/16/2021,114.29,7334909,114.26,114.465,114.23
04/15/2021,114.60,9958454,114.23,114.765,114.225
04/14/2021,113.87,4876940,113.82,113.91,113.72
04/13/2021,114.01,7663913,113.57,114.01,113.54
04/12/2021,113.54,5465972,113.52,113.57,113.42
04/09/2021,113.61,5887437,113.54,113.815,113.44
04/08/2021,113.91,6334848,113.72,113.92,113.70
04/07/2021,113.52,6316843,113.565,113.795,113.48
04/06/2021,113.59,8765168,113.28,113.61,113.24
04/05/2021,113.04,9944534,112.97,113.129,112.80
04/01/2021,113.36,8535311,113.21,113.42,113.13
03/31/2021,112.93,8619995,113.06,113.185,112.79
03/30/2021,113.09,5784914,112.88,113.16,112.78
03/29/2021,113.19,6298024,113.68,113.69,113.09
03/26/2021,113.58,6409729,113.65,113.885,113.565
03/25/2021,113.96,10573820,114.17,114.24,113.79
03/24/2021,114.11,14634870,113.73,114.125,113.70
03/23/2021,113.96,7544012,113.65,113.98,113.568
03/22/2021,113.40,4679826,113.32,113.46,113.23
03/19/2021,113.03,8748137,112.86,113.20,112.83
03/18/2021,113.10,8281398,112.90,113.23,112.7899
03/17/2021,113.81,8975911,113.57,114.05,113.36
03/16/2021,114.00,5479507,114.15,114.235,113.87
03/15/2021,114.02,4465502,113.95,114.13,113.9219
03/12/2021,113.88,7332703,113.981,113.99,113.76
03/11/2021,114.71,7576486,114.74,114.87,114.54
03/10/2021,114.75,5683125,114.51,114.8565,114.45
03/09/2021,114.51,7035036,114.47,114.605,114.29
03/08/2021,113.97,7416384,114.15,114.175,113.93
03/05/2021,114.42,8634646,114.12,114.57,114.0214
03/04/2021,114.58,12327870,115.14,115.27,114.41
03/03/2021,115.15,8377310,115.22,115.24,114.93
03/02/2021,115.77,6270980,115.46,115.78,115.41
03/01/2021,115.56,9616518,115.47,115.69,115.25
02/26/2021,115.76,28188450,115.14,115.81,114.71
02/25/2021,114.73,35760890,115.61,115.72,114.10
02/24/2021,116.28,7133845,115.86,116.34,115.79
02/23/2021,116.44,7344886,116.27,116.58,116.17
02/22/2021,116.35,3828028,116.45,116.67,116.26
02/19/2021,116.54,5851819,116.66,116.77,116.37
02/18/2021,117.01,4469927,116.83,117.1001,116.74
02/17/2021,117.02,4789709,117.02,117.1681,116.88
02/16/2021,116.94,8909021,117.265,117.38,116.86
02/12/2021,117.79,8802378,117.89,118.02,117.7541
02/11/2021,118.18,5949889,118.27,118.3089,118.125
02/10/2021,118.27,6726802,118.10,118.27,118.085
02/09/2021,117.97,4458483,118.01,118.13,117.92
02/08/2021,117.88,2861325,117.81,118.04,117.735
02/05/2021,117.83,5498036,118.05,118.1753,117.83
02/04/2021,118.08,2146031,117.98,118.13,117.89
02/03/2021,118.12,3844215,118.25,118.31,118.10
02/02/2021,118.41,3609871,118.34,118.46,118.30
02/01/2021,118.71,3640712,118.57,118.77,118.53
01/29/2021,118.64,7952081,118.505,118.79,118.47
01/28/2021,118.85,5394284,119.00,119.01,118.715
01/27/2021,119.16,5764713,119.22,119.34,119.12
01/26/2021,119.02,4257174,118.94,119.06,118.92
01/25/2021,119.06,5689167,118.75,119.06,118.71
01/22/2021,118.58,4706189,118.50,118.595,118.435
01/21/2021,118.40,4254502,118.37,118.48,118.30
01/20/2021,118.57,4277708,118.39,118.57,118.36
01/19/2021,118.52,4035753,118.28,118.52,118.23
01/15/2021,118.45,5978356,118.38,118.53,118.21
01/14/2021,118.13,7731084,118.39,118.47,118.03
01/13/2021,118.40,7562855,118.167,118.545,118.14
01/12/2021,117.99,6516782,117.765,118.0436,117.57
01/11/2021,118.01,6142879,118.15,118.155,117.985
01/08/2021,118.24,8378652,118.35,118.43,118.13
01/07/2021,118.58,7751650,118.5764,118.655,118.4755
01/06/2021,119.00,10039300,119.12,119.12,118.7712
01/05/2021,119.70,5004393,119.87,119.89,119.58
01/04/2021,119.98,5498999,119.68,120.06,119.645
12/31/2020,119.95,2626214,119.85,120.00,119.845
12/30/2020,119.87,2549055,119.74,119.87,119.73
12/29/2020,119.79,2157281,119.64,119.8264,119.635
12/28/2020,119.81,3677496,119.608,119.81,119.537
12/24/2020,119.80,1529337,119.74,119.80,119.71
12/23/2020,119.63,3047122,119.65,119.66,119.42
12/22/2020,119.88,3931860,119.83,119.8989,119.71
12/21/2020,119.68,2850543,119.79,119.83,119.58
12/18/2020,119.60,3189453,119.79,119.85,119.58
12/17/2020,119.70,3233158,119.99,120.0712,119.6189
12/16/2020,119.86,5058448,119.69,119.995,119.64
12/15/2020,119.96,2889166,119.93,120.025,119.835
12/14/2020,120.08,2870627,119.84,120.155,119.78
12/11/2020,120.15,4336658,120.08,120.27,120.05
12/10/2020,119.91,3557613,119.74,119.95,119.64
12/09/2020,119.64,3444104,119.59,119.77,119.465
12/08/2020,119.81,4735809,119.91,120.035,119.80
12/07/2020,119.69,4345415,119.61,119.7587,119.59
12/04/2020,119.32,4709144,119.41,119.44,119.20
12/03/2020,119.79,4484897,119.65,119.90,119.60
12/02/2020,119.47,5578528,119.56,119.58,119.295
12/01/2020,119.67,13902250,119.97,120.0089,119.53
11/30/2020,120.39,2390943,120.42,120.51,120.3501
11/27/2020,120.47,2988074,120.305,120.47,120.30
11/25/2020,120.11,2125740,120.16,120.325,120.10
11/24/2020,120.07,4349418,120.17,120.185,120.005
11/23/2020,120.26,2511919,120.34,120.36,120.2007
11/20/2020,120.50,16772170,120.35,120.52,120.33
11/19/2020,120.29,9323009,120.29,120.41,120.25
11/18/2020,120.16,7931213,120.28,120.28,119.9898
11/17/2020,120.20,4707856,120.12,120.245,120.093
11/16/2020,119.89,3911408,119.90,119.995,119.88
11/13/2020,119.98,6766022,120.09,120.13,119.96
11/12/2020,120.14,6323952,119.82,120.15,119.78
11/11/2020,119.46,1699858,119.28,119.51,119.26
11/10/2020,119.27,4810487,119.22,119.50,119.2052
11/09/2020,119.61,11195820,119.59,119.63,119.19
11/06/2020,120.50,10402200,120.53,120.59,120.362
11/05/2020,120.91,6250703,120.98,121.0183,120.77
11/04/2020,120.93,14922300,120.93,121.06,120.775
11/03/2020,119.92,8040549,120.01,120.03,119.825
11/02/2020,120.19,7674317,120.34,120.42,120.13
10/30/2020,120.06,7247160,120.40,120.45,120.06
10/29/2020,120.45,7505127,120.92,120.94,120.37
10/28/2020,120.96,5586552,121.15,121.18,120.88
10/27/2020,120.97,3620054,120.87,121.01,120.82
10/26/2020,120.70,4817785,120.64,120.8301,120.59
10/23/2020,120.38,5049865,120.19,120.49,120.18
10/22/2020,120.21,6748978,120.525,120.57,120.20
10/21/2020,120.63,6425296,120.64,120.76,120.56
10/20/2020,120.79,6129693,120.90,120.98,120.75
10/19/2020,121.05,3635834,121.02,121.13,120.90
10/16/2020,121.25,2726171,121.315,121.46,121.21
10/15/2020,121.32,3839185,121.575,121.60,121.29
10/14/2020,121.45,5202303,121.48,121.55,121.40
10/13/2020,121.41,6346629,121.27,121.43,121.27
10/12/2020,121.14,3287885,121.06,121.14,120.99
10/09/2020,121.01,4358483,120.97,121.13,120.78
10/08/2020,121.07,3499030,120.99,121.09,120.94
10/07/2020,120.85,7116752,120.97,121.10,120.78
10/06/2020,121.20,8516442,120.945,121.40,120.87
10/05/2020,120.92,6132188,121.35,121.36,120.92
10/02/2020,121.685,7509877,121.91,121.93,121.595
10/01/2020,121.81,8733786,121.53,121.8989,121.43
09/30/2020,121.82,4276361,122.03,122.03,121.66
09/29/2020,122.15,2577127,122.13,122.22,122.093
09/28/2020,122.06,4167167,122.04,122.075,121.995
09/25/2020,122.08,2187387,122.06,122.12,122.00
09/24/2020,121.98,2866854,121.97,122.02,121.91
09/23/2020,121.92,3172041,121.92,121.955,121.76
09/22/2020,121.92,3387887,121.92,122.03,121.88
09/21/2020,121.92,5838125,122.01,122.145,121.895
09/18/2020,121.70,5606923,121.85,121.88,121.70
09/17/2020,121.805,3426757,122.05,122.05,121.77
09/16/2020,121.77,4015681,122.00,122.00,121.66
09/15/2020,121.84,2897554,121.83,121.90,121.76
09/14/2020,121.90,1797058,122.02,122.0966,121.83
09/11/2020,122.01,4905064,121.88,122.01,121.835
09/10/2020,121.82,3164227,121.51,121.84,121.435
09/09/2020,121.67,3964260,121.76,121.83,121.54
09/08/2020,121.73,3442807,121.74,121.92,121.70
09/04/2020,121.47,7512838,121.83,121.92,121.38
09/03/2020,122.15,5750484,122.08,122.39,122.02
09/02/2020,121.99,3013408,121.72,122.04,121.70
09/01/2020,121.82,4623121,121.40,121.82,121.30
08/31/2020,121.51,3273267,121.40,121.71,121.38
08/28/2020,121.38,2277244,121.41,121.53,121.26
08/27/2020,121.18,4672917,121.87,121.87,121.18
08/26/2020,121.61,3337406,121.54,121.67,121.38
08/25/2020,121.655,3562796,121.555,121.72,121.39
08/24/2020,121.95,1974858,122.09,122.21,121.93
08/21/2020,122.12,2103655,122.11,122.1484,121.92
08/20/2020,122.03,2880331,122.05,122.08,121.945
08/19/2020,121.68,4493782,121.90,121.97,121.65
08/18/2020,121.84,1853657,121.76,121.915,121.685
08/17/2020,121.63,3357748,121.69,121.83,121.60
08/14/2020,121.43,2722804,121.48,121.59,121.42
08/13/2020,121.37,5748364,121.60,121.705,121.25
08/12/2020,121.62,5538087,121.65,121.76,121.465
08/11/2020,121.98,7166529,121.96,122.04,121.69
08/10/2020,122.40,1994937,122.70,122.72,122.40
08/07/2020,122.53,2363363,122.83,122.90,122.49
08/06/2020,122.79,2286565,122.89,123.06,122.73
08/05/2020,122.65,2423684,122.75,122.78,122.61
08/04/2020,123.06,3841988,122.83,123.09,122.79
08/03/2020,122.64,6596161,122.52,122.65,122.46
07/31/2020,122.80,4039242,122.64,122.89,122.585
07/30/2020,122.765,28331990,122.75,122.78,122.67
07/29/2020,122.60,1874214,122.45,122.60,122.31
07/28/2020,122.44,1870313,122.30,122.47,122.26
07/27/2020,122.15,1976555,122.44,122.4579,122.12
07/24/2020,122.34,3395588,122.30,122.43,122.273
07/23/2020,122.40,2006539,122.43,122.45,122.29
07/22/2020,122.28,2431512,122.39,122.39,122.2358
07/21/2020,122.24,3228374,122.16,122.28,122.12
07/20/2020,122.11,2695915,122.20,122.22,122.0179
07/17/2020,122.03,2405230,122.12,122.15,121.97
07/16/2020,122.06,1907115,122.16,122.245,122.06
07/15/2020,121.97,2085375,121.83,122.09,121.815
07/14/2020,122.01,1721841,122.18,122.23,121.99
07/13/2020,122.02,2051104,121.71,122.04,121.675
07/10/2020,121.89,1938964,122.25,122.29,121.85
07/09/2020,122.15,2769375,121.77,122.239,121.76
07/08/2020,121.74,2096696,121.72,121.87,121.61
07/07/2020,121.93,2920494,121.63,121.94,121.57
07/06/2020,121.54,2821900,121.41,121.555,121.29
07/02/2020,121.72,3054157,121.44,121.74,121.35
07/01/2020,121.57,8416463,121.53,121.655,121.35
06/30/2020,121.87,4126714,122.145,122.19,121.7908
06/29/2020,122.09,28632380,121.93,122.14,121.92
06/26/2020,121.97,3413933,121.80,122.07,121.775
06/25/2020,121.64,1650931,121.80,121.83,121.6109
06/24/2020,121.62,2310651,121.29,121.66,121.29
06/23/2020,121.39,2010572,121.31,121.43,121.24
06/22/2020,121.43,2285080,121.66,121.71,121.365
06/19/2020,121.54,2033246,121.23,121.61,121.23
06/18/2020,121.50,1694622,121.51,121.555,121.415
06/17/2020,121.23,2308253,121.16,121.27,120.97
06/16/2020,121.04,5252003,120.84,121.27,120.73
06/15/2020,121.29,2658046,121.66,121.74,121.29
06/12/2020,121.39,3050997,121.44,121.66,121.327
06/11/2020,121.66,6365781,121.68,121.85,121.59
06/10/2020,121.23,4945029,120.61,121.23,120.5528
06/09/2020,120.33,3238558,120.37,120.53,120.245
06/08/2020,119.90,3314691,119.67,120.01,119.66
06/05/2020,119.77,10611680,119.60,119.81,119.35
06/04/2020,120.37,4744064,120.66,120.67,120.308
06/03/2020,120.85,4226754,121.17,121.19,120.75
06/02/2020,121.57,4711832,121.63,121.735,121.49
06/01/2020,121.77,8531709,121.62,121.77,121.49
05/29/2020,121.94,2993843,121.75,121.99,121.63
05/28/2020,121.55,3873877,121.44,121.61,121.3737
05/27/2020,121.66,2542851,121.49,121.84,121.48
05/26/2020,121.56,3485014,121.50,121.63,121.3914
05/22/2020,121.88,1352411,121.71,121.88,121.69
05/21/2020,121.65,2063773,121.69,121.85,121.598
05/20/2020,121.57,2366730,121.37,121.71,121.28
05/19/2020,121.54,1941703,121.17,121.56,121.17
05/18/2020,121.20,3091234,121.66,121.67,121.06
05/15/2020,121.95,1828945,122.20,122.229,121.86
05/14/2020,122.03,2257568,122.05,122.21,121.98
05/13/2020,121.84,2615782,121.74,121.985,121.65
05/12/2020,121.59,4267731,121.13,121.63,121.11
05/11/2020,121.19,4569358,121.51,121.575,121.085
05/08/2020,121.53,3486806,121.62,121.98,121.44
05/07/2020,121.93,3252814,121.30,121.98,121.26
05/06/2020,121.19,3279454,120.99,121.28,120.85
05/05/2020,121.64,3487668,121.45,121.68,121.37
05/04/2020,121.73,3580519,121.68,121.82,121.55
05/01/2020,121.71,8357730,121.79,121.91,121.57
04/30/2020,121.67,5371506,122.045,122.26,121.67
04/29/2020,121.96,2600232,122.03,122.21,121.712
04/28/2020,122.02,2847637,121.75,122.085,121.74
04/27/2020,121.49,2508138,121.85,121.88,121.46
04/24/2020,122.14,2373519,121.89,122.15,121.88
04/23/2020,122.11,2346265,121.97,122.1419,121.865
04/22/2020,122.03,3168690,122.13,122.245,121.805
04/21/2020,122.41,3287659,122.57,122.69,122.30
04/20/2020,122.07,4230725,121.98,122.08,121.793
04/17/2020,121.75,2375086,121.97,122.30,121.64
04/16/2020,122.07,1901687,122.11,122.25,121.9902
04/15/2020,121.94,3137391,121.52,122.03,121.48
04/14/2020,120.86,2180063,120.84,121.05,120.80
04/13/2020,120.70,2103215,120.85,121.015,120.67
04/09/2020,120.96,4543678,120.64,121.11,120.53
04/08/2020,120.70,3341022,120.60,120.867,120.455
04/07/2020,120.85,9340613,120.55,120.89,120.27
04/06/2020,121.39,4697597,121.53,121.60,121.28
04/03/2020,121.94,3441297,122.04,122.29,121.82
04/02/2020,121.85,4789361,122.17,122.22,121.6722
04/01/2020,121.83,9256441,122.13,122.26,121.73
03/31/2020,121.48,6356537,121.45,121.81,121.31
03/30/2020,121.26,4649568,121.79,122.09,121.18
03/27/2020,120.98,5282367,120.81,121.39,120.675
03/26/2020,120.09,3384495,120.19,120.50,119.91
03/25/2020,119.80,5527552,119.76,120.26,119.40
03/24/2020,119.73,5235484,119.52,119.97,119.26
03/23/2020,120.55,12234750,119.45,121.06,119.45
03/20/2020,119.14,9641930,117.64,119.88,117.41
03/19/2020,116.18,6702952,116.14,117.63,115.92
03/18/2020,115.80,13256510,116.60,117.799,115.34
03/17/2020,117.43,5680276,119.91,120.29,117.42
03/16/2020,120.45,6971755,120.03,120.68,119.00
03/13/2020,117.35,8697570,117.80,118.98,117.0106
03/12/2020,118.12,10671550,120.15,120.77,114.40
03/11/2020,118.06,13316520,120.27,120.59,117.60
03/10/2020,119.25,15073110,120.88,121.76,119.25
03/09/2020,121.48,24791750,123.25,123.41,121.45
03/06/2020,120.40,11614850,120.98,121.31,120.09
03/05/2020,119.19,5284214,119.00,119.32,118.92
03/04/2020,118.14,7627290,118.57,118.91,118.05
03/03/2020,118.40,11462350,117.16,119.29,117.03
03/02/2020,117.04,19402100,117.55,117.94,116.97
02/28/2020,117.26,13437150,116.89,117.45,116.76
02/27/2020,115.96,8630137,116.14,116.34,115.58
02/26/2020,115.40,19649400,115.21,115.79,115.085
02/25/2020,115.46,10014350,115.11,115.71,115.0801
02/24/2020,115.14,6803649,115.20,115.29,115.02
02/21/2020,114.25,5381018,114.09,114.53,114.08
02/20/2020,113.79,3453027,113.63,113.942,113.615
02/19/2020,113.46,1681788,113.36,113.51,113.30
02/18/2020,113.48,8412898,113.45,113.65,113.3479
02/14/2020,113.30,2043632,113.27,113.37,113.205
02/13/2020,113.02,1868002,112.98,113.14,112.94
02/12/2020,112.92,1473750,112.97,112.993,112.83
02/11/2020,113.21,1657144,113.325,113.37,113.14
02/10/2020,113.48,1909108,113.50,113.615,113.37
02/07/2020,113.26,6177908,113.18,113.36,113.09
02/06/2020,112.72,1697175,112.61,112.80,112.555
02/05/2020,112.64,9027593,112.71,112.8693,112.62
02/04/2020,113.13,2569656,113.24,113.2538,112.96
02/03/2020,113.79,5722177,113.61,113.838,113.32
01/31/2020,114.04,9764519,113.715,114.12,113.69
01/30/2020,113.47,4405548,113.55,113.83,113.395
01/29/2020,113.36,2429680,112.97,113.41,112.965
01/28/2020,112.82,1923770,113.09,113.12,112.78
01/27/2020,113.20,3824613,113.19,113.205,113.025
01/24/2020,112.44,7932638,112.18,112.61,112.155
01/23/2020,112.04,1891281,112.03,112.24,111.985
01/22/2020,111.76,1787630,111.74,111.82,111.68
01/21/2020,111.74,2355639,111.55,111.78,111.535
01/17/2020,111.30,2627007,111.13,111.30,111.09
01/16/2020,111.39,2200468,111.45,111.51,111.30
01/15/2020,111.62,2734780,111.55,111.62,111.425
01/14/2020,111.34,2376297,111.18,111.355,111.16
01/13/2020,111.12,2672631,111.11,111.14,110.9846
01/10/2020,111.25,2600035,111.09,111.315,111.09
01/09/2020,111.01,3680578,110.68,111.04,110.63
01/08/2020,110.93,5081221,111.29,111.415,110.79
01/07/2020,111.19,2038875,111.33,111.43,111.19
01/06/2020,111.35,2714330,111.66,111.67,111.26
01/03/2020,111.47,3839615,111.15,111.49,111.04
01/02/2020,110.73,4022281,110.69,110.95,110.63
12/31/2019,110.22,2801670,110.44,110.49,110.21
12/30/2019,110.62,2035351,110.31,110.62,110.235
12/27/2019,110.69,1771062,110.62,110.73,110.62
12/26/2019,110.53,1385096,110.41,110.53,110.27
12/24/2019,110.37,857562,110.04,110.41,110.035
12/23/2019,110.18,1809420,110.31,110.375,110.085
12/20/2019,110.28,4660471,110.11,110.30,110.08
12/19/2019,110.28,1962689,110.12,110.42,110.08
12/18/2019,110.35,2249532,110.58,110.61,110.23
12/17/2019,110.65,3471397,110.77,110.8247,110.58
12/16/2019,110.64,3028541,110.88,110.8836,110.57
12/13/2019,111.16,4162002,110.81,111.23,110.48
12/12/2019,110.51,5490568,111.28,111.30,110.31
12/11/2019,111.39,2462555,111.10,111.47,111.075
12/10/2019,110.93,1707068,111.15,111.19,110.91
12/09/2019,111.06,2304461,111.21,111.22,111.04
12/06/2019,110.97,2717408,110.88,111.19,110.8266
12/05/2019,111.31,3061985,111.15,111.42,111.1364
12/04/2019,111.57,2072415,111.77,111.86,111.385
12/03/2019,112.00,6562321,111.58,112.17,111.57
12/02/2019,111.01,6826437,110.87,111.12,110.81
11/29/2019,111.57,2882264,111.62,111.63,111.44
11/27/2019,111.66,2351809,111.72,111.77,111.605
11/26/2019,111.95,3579371,111.91,111.99,111.85
11/25/2019,111.74,3573142,111.70,111.78,111.675
11/22/2019,111.69,1879667,111.77,111.805,111.6034
11/21/2019,111.71,3054910,111.72,111.825,111.57
11/20/2019,111.99,3838072,111.80,112.02,111.715
11/19/2019,111.58,8306976,111.39,111.62,111.39
11/18/2019,111.37,2222406,111.36,111.49,111.33
11/15/2019,111.18,2104540,111.09,111.29,111.08
11/14/2019,111.27,3189644,111.19,111.40,111.14
11/13/2019,110.71,2475151,110.82,110.86,110.6334
11/12/2019,110.41,4446349,110.35,110.502,110.18
11/11/2019,110.36,1569260,110.49,110.52,110.24
11/08/2019,110.24,3042004,110.29,110.64,110.235
11/07/2019,110.39,5890165,110.71,110.71,109.975
11/06/2019,111.28,4129788,111.19,111.39,110.98
11/05/2019,110.96,7068841,111.13,111.17,110.845
11/04/2019,111.56,4147334,111.63,111.69,111.50
11/01/2019,112.13,8159807,112.18,112.42,111.875
10/31/2019,112.51,5594462,112.11,112.58,112.07
10/30/2019,111.80,5452549,111.35,111.81,111.31
10/29/2019,111.26,2200186,111.30,111.35,111.15
10/28/2019,111.16,5838011,111.19,111.22,111.05
10/25/2019,111.58,2387370,111.90,111.92,111.42
10/24/2019,111.82,2654666,111.89,112.07,111.78
10/23/2019,111.84,3305797,112.02,112.07,111.785
10/22/2019,111.80,3334545,111.81,111.845,111.50
10/21/2019,111.54,1735260,111.66,111.785,111.505
10/18/2019,111.95,2406526,111.92,112.12,111.8699
10/17/2019,111.85,3191143,111.80,112.085,111.72
10/16/2019,111.89,2755766,111.84,112.02,111.75
10/15/2019,111.67,6639548,112.16,112.24,111.64
10/14/2019,112.21,1932167,112.25,112.2856,112.16
10/11/2019,111.90,8685279,112.13,112.18,111.72
10/10/2019,112.67,3924427,113.06,113.08,112.56
10/09/2019,113.38,3337579,113.55,113.55,113.20
10/08/2019,113.67,4305746,113.82,113.865,113.48
10/07/2019,113.43,3193609,113.56,113.68,113.395
10/04/2019,113.81,4707644,113.58,113.885,113.51
10/03/2019,113.59,6128950,113.16,113.88,113.14
10/02/2019,113.00,3909055,112.73,113.1799,112.71
10/01/2019,112.61,8555112,111.85,112.86,111.8077
09/30/2019,112.47,2806200,112.21,112.51,112.1735
09/27/2019,112.38,4546123,112.23,112.49,112.19
09/26/2019,112.22,4234168,112.25,112.43,112.155
09/25/2019,111.98,8430899,112.59,112.69,111.90
09/24/2019,112.72,10525340,112.22,112.815,112.21
09/23/2019,112.16,13163940,112.14,112.4799,112.055
09/20/2019,112.00,9915042,111.54,112.02,111.48
09/19/2019,111.36,7148212,111.58,111.59,111.32
09/18/2019,111.31,5209854,111.57,111.80,111.20
09/17/2019,111.27,8255568,111.04,111.38,110.94
09/16/2019,110.98,5388257,110.90,111.10,110.75
09/13/2019,110.50,24188080,111.10,111.21,110.50
09/12/2019,111.52,8612525,112.10,112.16,111.35
09/11/2019,111.77,4736967,111.78,111.97,111.75
09/10/2019,111.88,4797360,112.53,112.625,111.88
09/09/2019,112.70,4818705,112.86,112.94,112.69
09/06/2019,113.40,3111001,113.34,113.53,113.265
09/05/2019,113.33,4597847,113.585,113.62,113.08
09/04/2019,114.25,3447044,113.95,114.30,113.945
09/03/2019,114.07,11753970,113.88,114.44,113.70
08/30/2019,114.01,3651077,113.775,114.05,113.74
08/29/2019,113.98,4232371,114.10,114.10,113.69
08/28/2019,114.20,2505433,114.35,114.39,114.12
08/27/2019,114.16,3267443,113.81,114.19,113.81
08/26/2019,113.67,7581565,113.73,113.93,113.58
08/23/2019,113.78,8222680,113.13,113.94,113.005
08/22/2019,113.02,5860399,113.05,113.37,112.995
08/21/2019,113.27,4921730,113.27,113.57,113.21
08/20/2019,113.57,3161828,113.52,113.66,113.455
08/19/2019,113.07,3693085,113.04,113.26,113.01
08/16/2019,113.61,4976230,113.51,113.67,113.17
08/15/2019,113.91,5240208,113.34,114.17,113.28
08/14/2019,113.19,8124271,113.09,113.29,113.00
08/13/2019,112.44,6005831,112.86,112.885,112.145
08/12/2019,112.84,4739934,112.54,112.9763,112.51
08/09/2019,112.13,2868961,112.38,112.60,112.06
08/08/2019,112.30,5178767,111.99,112.4077,111.66
08/07/2019,112.29,9665348,113.07,113.27,112.17
08/06/2019,112.29,6462448,111.88,112.30,111.785
08/05/2019,112.11,7626211,111.82,112.20,111.76
08/02/2019,111.15,8503301,110.94,111.20,110.84
08/01/2019,110.92,16938730,109.84,110.92,109.79
07/31/2019,109.87,6669714,109.56,109.99,109.39
07/30/2019,109.59,2514764,109.63,109.67,109.445
07/29/2019,109.54,2505561,109.62,109.66,109.52
07/26/2019,109.44,3004070,109.50,109.5084,109.3231
07/25/2019,109.46,3172045,109.52,109.53,109.23
07/24/2019,109.65,2268628,109.64,109.7465,109.56
07/23/2019,109.49,2329832,109.55,109.66,109.4237
07/22/2019,109.67,1629798,109.79,109.80,109.63
07/19/2019,109.62,1728139,109.59,109.73,109.51
07/18/2019,109.82,2386673,109.43,109.885,109.40
07/17/2019,109.55,2624401,109.23,109.56,109.22
07/16/2019,109.04,2766110,108.93,109.08,108.83
07/15/2019,109.28,1753174,109.14,109.28,109.0732
07/12/2019,109.05,4141939,108.92,109.165,108.89
07/11/2019,108.93,4769826,109.33,109.398,108.88
07/10/2019,109.47,4343742,109.51,109.62,109.34
07/09/2019,109.41,2061782,109.49,109.50,109.34
07/08/2019,109.48,3254286,109.75,109.815,109.48
07/05/2019,109.59,3664100,109.65,109.65,109.3423
07/03/2019,110.29,2607009,110.21,110.40,110.20
07/02/2019,110.08,3117098,109.81,110.145,109.79
07/01/2019,109.69,8191473,109.82,109.87,109.50
06/28/2019,110.02,4341481,109.87,110.109,109.81
06/27/2019,109.97,2538362,109.77,110.03,109.68
06/26/2019,109.64,6674975,109.95,109.95,109.60
06/25/2019,110.09,5251008,110.03,110.225,109.945
06/24/2019,109.92,3046256,109.74,109.94,109.71
06/21/2019,109.54,4305194,109.73,109.765,109.45
06/20/2019,109.99,4575008,110.04,110.28,109.965
06/19/2019,109.81,4541492,109.28,109.90,109.205
06/18/2019,109.51,4564921,109.75,109.80,109.4075
06/17/2019,109.30,3038808,109.30,109.38,109.1732
06/14/2019,109.32,3880735,109.16,109.3766,109.15
06/13/2019,109.24,1684700,109.07,109.33,109.045
06/12/2019,108.97,2062847,108.77,108.99,108.76
06/11/2019,108.685,2735811,108.62,108.768,108.575
06/10/2019,108.685,6071237,108.86,108.88,108.675
06/07/2019,109.23,2805926,109.40,109.42,109.14
06/06/2019,108.80,2392398,108.91,109.10,108.725
06/05/2019,108.82,7712307,108.96,109.125,108.76
06/04/2019,108.82,5503215,108.76,108.99,108.595
06/03/2019,109.22,23830910,108.88,109.335,108.765
05/31/2019,108.91,6020621,108.56,108.95,108.49
05/30/2019,108.19,3461100,107.86,108.2401,107.72
05/29/2019,107.80,5251806,108.09,108.235,107.78
05/28/2019,107.84,7038954,107.62,107.84,107.5323
05/24/2019,107.37,2422769,107.33,107.37,107.23
05/23/2019,107.40,6184489,107.01,107.56,107.01
05/22/2019,106.75,3561928,106.60,106.80,106.57
05/21/2019,106.43,2675307,106.48,106.5164,106.34
05/20/2019,106.55,2439557,106.75,106.84,106.53
05/17/2019,106.73,2128424,106.91,106.91,106.615
05/16/2019,106.68,3898355,106.65,106.715,106.55
05/15/2019,106.89,5512288,106.94,106.9731,106.74
05/14/2019,106.55,2573186,106.57,106.615,106.44
05/13/2019,106.65,5653357,106.57,106.735,106.52
05/10/2019,106.12,2855374,106.24,106.4179,106.05
05/09/2019,106.19,4224160,106.30,106.425,106.045
05/08/2019,105.91,4226574,106.21,106.25,105.86
05/07/2019,106.11,3965829,106.01,106.19,105.96
05/06/2019,105.75,3370060,105.88,105.92,105.73
05/03/2019,105.48,2625249,105.46,105.62,105.43
05/02/2019,105.34,3126155,105.53,105.57,105.27
05/01/2019,105.64,6870719,105.70,106.11,105.55
04/30/2019,105.90,3621942,105.63,105.93,105.615
04/29/2019,105.69,2715003,105.72,105.77,105.61
04/26/2019,105.91,2156091,105.97,105.99,105.85
04/25/2019,105.63,1457640,105.73,105.79,105.59
04/24/2019,105.76,3266709,105.66,105.77,105.64
04/23/2019,105.36,2462055,105.32,105.39,105.2833
04/22/2019,105.17,3630010,105.26,105.27,105.12
04/18/2019,105.32,4893179,105.33,105.455,105.29
04/17/2019,105.07,2348848,105.00,105.175,105.00
04/16/2019,105.05,5003641,105.19,105.245,105.03
04/15/2019,105.41,2410736,105.29,105.42,105.29
04/12/2019,105.27,6032092,105.39,105.45,105.27
04/11/2019,105.76,1547544,105.83,105.865,105.72
04/10/2019,106.00,2059767,105.92,106.07,105.905
04/09/2019,105.75,3210636,105.82,105.88,105.72
04/08/2019,105.56,3591492,105.71,105.755,105.555
04/05/2019,105.73,1749909,105.60,105.80,105.585
04/04/2019,105.68,2293705,105.615,105.72,105.55
04/03/2019,105.57,5207253,105.57,105.685,105.515
04/02/2019,105.90,7318597,105.82,105.92,105.761
04/01/2019,105.72,9430378,106.10,106.125,105.68
03/29/2019,106.67,2668915,106.47,106.68,106.435
03/28/2019,106.84,3769706,106.80,106.9067,106.655
03/27/2019,106.83,3555914,106.81,107.08,106.75
03/26/2019,106.52,7483688,106.39,106.685,106.343
03/25/2019,106.61,7828800,106.34,106.855,106.25
03/22/2019,106.34,4721870,106.09,106.51,106.04
03/21/2019,105.56,4633505,105.73,105.75,105.482
03/20/2019,105.61,8061698,105.03,105.64,105.01
03/19/2019,104.88,2138001,104.78,104.99,104.75
03/18/2019,104.95,4166201,104.99,105.08,104.94
03/15/2019,105.09,7844642,105.08,105.17,104.97
03/14/2019,104.76,2514646,104.86,104.905,104.65
03/13/2019,104.91,1714980,104.84,104.94,104.80
03/12/2019,104.95,4942779,104.74,105.00,104.70
03/11/2019,104.66,4654133,104.73,104.73,104.565
03/08/2019,104.74,5211967,104.69,104.83,104.58
03/07/2019,104.59,4822864,104.44,104.67,104.43
03/06/2019,104.24,2401564,103.99,104.285,103.99
03/05/2019,103.95,2112204,103.77,103.96,103.695
03/04/2019,103.89,3506592,103.73,103.9493,103.66
03/01/2019,103.57,9003040,103.74,103.85,103.57
02/28/2019,104.11,4949933,104.34,104.35,104.06
02/27/2019,104.38,2530612,104.57,104.58,104.30
02/26/2019,104.75,2647726,104.75,104.79,104.60
02/25/2019,104.44,2849605,104.43,104.50,104.36
02/22/2019,104.60,3351041,104.50,104.715,104.46
02/21/2019,104.29,4140206,104.30,104.34,104.22
02/20/2019,104.60,4751098,104.62,104.70,104.52
02/19/2019,104.62,8557378,104.63,104.695,104.55
02/15/2019,104.44,6878987,104.35,104.465,104.34
02/14/2019,104.54,10568670,104.61,104.615,104.41
02/13/2019,104.05,3772135,104.07,104.17,104.00
02/12/2019,104.31,3305304,104.38,104.39,104.215
02/11/2019,104.45,2637191,104.45,104.54,104.37
02/08/2019,104.61,2602723,104.63,104.73,104.59
02/07/2019,104.47,6937372,104.42,104.55,104.348
02/06/2019,104.13,3489763,104.28,104.285,104.07
02/05/2019,104.05,3331094,104.00,104.178,103.99
02/04/2019,103.87,7283506,103.97,103.97,103.81
02/01/2019,104.10,9191931,104.47,104.49,104.09
01/31/2019,104.88,10206450,104.64,104.93,104.61
01/30/2019,104.40,5788324,104.05,104.43,103.96
01/29/2019,104.16,2836679,103.94,104.16,103.93
01/28/2019,103.86,3116083,103.79,103.98,103.79
01/25/2019,103.83,2763332,103.89,103.94,103.73
01/24/2019,104.07,5233200,104.06,104.18,103.975
01/23/2019,103.74,3507319,103.61,103.85,103.575
01/22/2019,103.79,5814417,103.72,103.91,103.67
01/18/2019,103.43,6617519,103.61,103.72,103.35
01/17/2019,103.76,5328050,103.90,103.95,103.675
01/16/2019,103.95,4820794,103.89,104.00,103.805
01/15/2019,104.01,4148048,104.29,104.29,103.9712
01/14/2019,104.11,3090149,104.21,104.285,104.05
01/11/2019,104.17,3825731,104.14,104.26,104.07
01/10/2019,103.86,14412990,104.07,104.135,103.79
01/09/2019,103.91,3248650,103.84,103.99,103.77
01/08/2019,103.85,6879507,104.00,104.09,103.85
01/07/2019,104.11,5459196,104.52,104.565,104.07
01/04/2019,104.40,6616700,104.55,104.5872,104.27
01/03/2019,105.25,10616680,104.46,105.315,104.44
01/02/2019,104.42,18668520,104.31,104.43,104.18
12/31/2018,104.20,7227495,103.69,104.66,103.63
12/28/2018,103.81,4542620,103.42,103.82,103.385
12/27/2018,103.25,4602088,103.43,103.63,103.23
12/26/2018,102.99,5477738,103.47,103.62,102.95
12/24/2018,103.48,6372964,103.38,103.49,103.2631
12/21/2018,103.22,4918611,103.20,103.23,103.055
12/20/2018,103.13,8745162,103.45,103.465,103.09
12/19/2018,103.26,7710856,103.01,103.48,102.78
12/18/2018,102.90,4461364,102.75,102.95,102.68
12/17/2018,102.86,7626952,102.66,102.93,102.65
12/14/2018,102.56,3529993,102.57,102.715,102.515
12/13/2018,102.40,4116029,102.46,102.4981,102.335
12/12/2018,102.34,3727166,102.45,102.50,102.31
12/11/2018,102.62,5290089,102.64,102.85,102.50
12/10/2018,102.88,9045197,102.84,103.037,102.7101
12/07/2018,102.82,7319120,102.49,102.855,102.36
12/06/2018,102.52,9429900,102.65,102.965,102.50
12/04/2018,102.26,7748767,101.97,102.455,101.94
12/03/2018,101.79,6004914,101.44,101.79,101.405
11/30/2018,101.78,3069684,101.73,101.82,101.66
11/29/2018,101.58,4313021,101.59,101.73,101.46
